{
	"credit": "Made with Blockbench by Mc_Jeronimo",
	"textures": {
		"1": "opensignals:blocks/tjc/decor/nachtblau",
		"3": "opensignals:blocks/tjc/decor/fahrplan",
		"4": "minecraft:blocks/glass",
		"particle": "opensignals:blocks/tjc/decor/fahrplan"
	},
	"elements": [
		{
			"from": [-8, 8, 13],
			"to": [24, 9, 16],
			"faces": {
				"north": {"uv": [0, 0, 16, 1], "texture": "#1"},
				"east": {"uv": [0, 0, 3, 1], "texture": "#1"},
				"south": {"uv": [0, 0, 16, 1], "texture": "#1"},
				"west": {"uv": [0, 0, 3, 1], "texture": "#1"},
				"up": {"uv": [0, 0, 16, 3], "texture": "#1"},
				"down": {"uv": [0, 0, 16, 3], "texture": "#1"}
			}
		},
		{
			"from": [-7, 9, 14],
			"to": [23, 31, 16],
			"faces": {
				"north": {"uv": [0, 0, 15.5, 16], "texture": "#3"},
				"south": {"uv": [0, 0, 15.5, 16], "texture": "#1"}
			}
		},
		{
			"from": [-7, 9, 13],
			"to": [23, 31, 14],
			"faces": {
				"north": {"uv": [1, 1, 14.5, 15], "texture": "#4"},
				"south": {"uv": [0, 0, 14.5, 15], "texture": "#1"}
			}
		},
		{
			"from": [-8, 31, 13],
			"to": [24, 32, 16],
			"faces": {
				"north": {"uv": [0, 0, 16, 1], "texture": "#1"},
				"east": {"uv": [0, 0, 3, 1], "texture": "#1"},
				"south": {"uv": [0, 0, 16, 1], "texture": "#1"},
				"west": {"uv": [0, 0, 3, 1], "texture": "#1"},
				"up": {"uv": [0, 0, 16, 3], "texture": "#1"},
				"down": {"uv": [0, 0, 16, 3], "texture": "#1"}
			}
		},
		{
			"from": [23, 9, 13],
			"to": [24, 31, 16],
			"faces": {
				"north": {"uv": [0, 0, 1, 16], "texture": "#1"},
				"east": {"uv": [0, 0, 3, 16], "texture": "#1"},
				"south": {"uv": [0, 0, 1, 16], "texture": "#1"},
				"west": {"uv": [0, 0, 3, 16], "texture": "#1"},
				"up": {"uv": [0, 0, 1, 3], "texture": "#1"},
				"down": {"uv": [0, 0, 1, 3], "texture": "#1"}
			}
		},
		{
			"from": [-8, 9, 13],
			"to": [-7, 31, 16],
			"faces": {
				"north": {"uv": [0, 0, 1, 16], "texture": "#1"},
				"east": {"uv": [0, 0, 3, 16], "texture": "#1"},
				"south": {"uv": [0, 0, 1, 16], "texture": "#1"},
				"west": {"uv": [0, 0, 3, 16], "texture": "#1"},
				"up": {"uv": [0, 0, 1, 3], "texture": "#1"},
				"down": {"uv": [0, 0, 1, 3], "texture": "#1"}
			}
		}
	],
	"groups": [
		{
			"name": "group",
			"origin": [0, 0, 0],
			"color": 0,
			"children": [0, 1, 2, 3, 4, 5]
		}
	]
}