{
	"credit": "Made with Blockbench by Mc_Jeronimo",
	"textures": {
		"0": "opensignals:blocks/tjc/decor/aluminiumweiss",
		"1": "opensignals:blocks/tjc/decor/fahrgastanzeiger_schriftzug",
		"2": "opensignals:blocks/tjc/decor/tiefschwarz",
		"particle": "opensignals:blocks/tjc/decor/aluminiumweiss"
	},
	"elements": [
		{
			"from": [0, 3, 6],
			"to": [26, 5, 10],
			"faces": {
				"north": {"uv": [0, 0, 16, 2], "texture": "#2"},
				"east": {"uv": [0, 0, 4, 2], "texture": "#2"},
				"south": {"uv": [0, 0, 16, 2], "texture": "#2"},
				"west": {"uv": [0, 0, 4, 2], "texture": "#2"},
				"up": {"uv": [0, 0, 16, 4], "texture": "#2"},
				"down": {"uv": [0, 0, 16, 4], "texture": "#2"}
			}
		},
		{
			"from": [1, 5, 7],
			"to": [25, 12, 9],
			"faces": {
				"north": {"uv": [1, 3, 12.5, 6], "texture": "#1"},
				"south": {"uv": [1, 3, 12, 6], "texture": "#1"}
			}
		},
		{
			"from": [25, 5, 6],
			"to": [26, 12, 10],
			"faces": {
				"north": {"uv": [0, 0, 1, 7], "texture": "#2"},
				"east": {"uv": [0, 0, 4, 7], "texture": "#2"},
				"south": {"uv": [0, 0, 1, 7], "texture": "#2"},
				"west": {"uv": [0, 0, 4, 7], "texture": "#2"},
				"up": {"uv": [0, 0, 1, 4], "texture": "#2"},
				"down": {"uv": [0, 0, 1, 4], "texture": "#2"}
			}
		},
		{
			"from": [0, 5, 6],
			"to": [1, 12, 10],
			"faces": {
				"north": {"uv": [0, 0, 1, 7], "texture": "#2"},
				"east": {"uv": [0, 0, 4, 7], "texture": "#2"},
				"south": {"uv": [0, 0, 1, 7], "texture": "#2"},
				"west": {"uv": [0, 0, 4, 7], "texture": "#2"},
				"up": {"uv": [0, 0, 1, 4], "texture": "#2"},
				"down": {"uv": [0, 0, 1, 4], "texture": "#2"}
			}
		},
		{
			"from": [0, 12, 6],
			"to": [26, 14, 10],
			"faces": {
				"north": {"uv": [0, 0, 16, 2], "texture": "#2"},
				"east": {"uv": [0, 0, 4, 2], "texture": "#2"},
				"south": {"uv": [0, 0, 16, 2], "texture": "#2"},
				"west": {"uv": [0, 0, 4, 2], "texture": "#2"},
				"up": {"uv": [0, 0, 16, 4], "texture": "#2"},
				"down": {"uv": [0, 0, 16, 4], "texture": "#2"}
			}
		},
		{
			"from": [26, 5, 7],
			"to": [32, 7, 9],
			"faces": {
				"north": {"uv": [0, 0, 6, 2], "texture": "#0"},
				"east": {"uv": [0, 0, 2, 2], "texture": "#0"},
				"south": {"uv": [0, 0, 6, 2], "texture": "#0"},
				"up": {"uv": [0, 0, 6, 2], "texture": "#0"},
				"down": {"uv": [0, 0, 6, 2], "texture": "#0"}
			}
		},
		{
			"from": [26, 10, 7],
			"to": [32, 12, 9],
			"faces": {
				"north": {"uv": [0, 0, 6, 2], "texture": "#0"},
				"east": {"uv": [0, 0, 2, 2], "texture": "#0"},
				"south": {"uv": [0, 0, 6, 2], "texture": "#0"},
				"up": {"uv": [0, 0, 6, 2], "texture": "#0"},
				"down": {"uv": [0, 0, 6, 2], "texture": "#0"}
			}
		}
	]
}