{
	"credit": "Made with Blockbench by Mc_Jeronimo",
	"textures": {
		"1": "opensignals:blocks/tjc/decor/fahrgastanzeiger_schriftzug",
		"2": "opensignals:blocks/tjc/decor/tiefschwarz",
		"particle": "opensignals:blocks/tjc/decor/aluminiumweiss"
	},
	"elements": [
		{
			"from": [6, 5, 6],
			"to": [32, 7, 10],
			"faces": {
				"north": {"uv": [0, 0, 16, 2], "texture": "#2"},
				"east": {"uv": [0, 0, 4, 2], "texture": "#2"},
				"south": {"uv": [0, 0, 16, 2], "texture": "#2"},
				"west": {"uv": [0, 0, 4, 2], "texture": "#2"},
				"up": {"uv": [0, 0, 16, 4], "texture": "#2"},
				"down": {"uv": [0, 0, 16, 4], "texture": "#2"}
			}
		},
		{
			"from": [7, 7, 7],
			"to": [31, 14, 9],
			"faces": {
				"north": {"uv": [1, 3, 12.5, 6], "texture": "#1"},
				"south": {"uv": [1, 3, 12, 6], "texture": "#1"}
			}
		},
		{
			"from": [31, 7, 6],
			"to": [32, 14, 10],
			"faces": {
				"north": {"uv": [0, 0, 1, 7], "texture": "#2"},
				"east": {"uv": [0, 0, 4, 7], "texture": "#2"},
				"south": {"uv": [0, 0, 1, 7], "texture": "#2"},
				"west": {"uv": [0, 0, 4, 7], "texture": "#2"},
				"up": {"uv": [0, 0, 1, 4], "texture": "#2"},
				"down": {"uv": [0, 0, 1, 4], "texture": "#2"}
			}
		},
		{
			"from": [6, 7, 6],
			"to": [7, 14, 10],
			"faces": {
				"north": {"uv": [0, 0, 1, 7], "texture": "#2"},
				"east": {"uv": [0, 0, 4, 7], "texture": "#2"},
				"south": {"uv": [0, 0, 1, 7], "texture": "#2"},
				"west": {"uv": [0, 0, 4, 7], "texture": "#2"},
				"up": {"uv": [0, 0, 1, 4], "texture": "#2"},
				"down": {"uv": [0, 0, 1, 4], "texture": "#2"}
			}
		},
		{
			"from": [6, 14, 6],
			"to": [32, 16, 10],
			"faces": {
				"north": {"uv": [0, 0, 16, 2], "texture": "#2"},
				"east": {"uv": [0, 0, 4, 2], "texture": "#2"},
				"south": {"uv": [0, 0, 16, 2], "texture": "#2"},
				"west": {"uv": [0, 0, 4, 2], "texture": "#2"},
				"up": {"uv": [0, 0, 16, 4], "texture": "#2"},
				"down": {"uv": [0, 0, 16, 4], "texture": "#2"}
			}
		}
	]
}