{
	"credit": "Made with Blockbench by Mc_Jeronimo",
	"textures": {
		"1": "minecraft:blocks/glass",
		"3": "opensignals:blocks/tjc/decor/telegrau",
		"4": "opensignals:blocks/tjc/decor/verkehrsweiss",
		"6": "opensignals:blocks/tjc/decor/bedienfeld",
		"7": "opensignals:blocks/tjc/decor/leuchthellrot",
		"9": "opensignals:blocks/tjc/decor/nachtblau",
		"11": "opensignals:blocks/tjc/decor/tastenfeld",
		"12": "opensignals:blocks/tjc/decor/tickets",
		"13": "opensignals:blocks/tjc/decor/schlitze",
		"particle": "opensignals:blocks/tjc/decor/tickets"
	},
	"elements": [
		{
			"from": [-4, 0, 2.5],
			"to": [20, 5, 13],
			"rotation": {"angle": 0, "axis": "y", "origin": [8, 16.25, 7.25]},
			"faces": {
				"north": {"uv": [0, 0, 16, 5], "texture": "#3"},
				"east": {"uv": [0, 0, 10.5, 5], "texture": "#3"},
				"south": {"uv": [0, 0, 16, 5], "texture": "#3"},
				"west": {"uv": [0, 0, 10.5, 5], "texture": "#3"},
				"down": {"uv": [0, 0, 16, 10.5], "texture": "#3"}
			}
		},
		{
			"from": [19, 5, 2],
			"to": [20, 29, 13],
			"rotation": {"angle": 0, "axis": "y", "origin": [8, 16.25, 7.25]},
			"faces": {
				"north": {"uv": [0, 0, 1, 16], "texture": "#4"},
				"east": {"uv": [0, 0, 11, 16], "texture": "#4"},
				"south": {"uv": [0, 0, 1, 16], "texture": "#4"},
				"west": {"uv": [0, 0, 11, 16], "texture": "#4"},
				"up": {"uv": [0, 0, 1, 11], "texture": "#4"},
				"down": {"uv": [0, 0, 1, 11], "texture": "#4"}
			}
		},
		{
			"from": [-4, 5, 2],
			"to": [-3, 29, 13],
			"rotation": {"angle": 0, "axis": "y", "origin": [8, 16.25, 7.25]},
			"faces": {
				"north": {"uv": [0, 0, 1, 16], "texture": "#4"},
				"east": {"uv": [0, 0, 11, 16], "texture": "#4"},
				"south": {"uv": [0, 0, 1, 16], "texture": "#4"},
				"west": {"uv": [0, 0, 11, 16], "texture": "#4"},
				"up": {"uv": [0, 0, 1, 11], "texture": "#4"},
				"down": {"uv": [0, 0, 1, 11], "texture": "#4"}
			}
		},
		{
			"from": [10, 10, 4],
			"to": [19, 12, 4],
			"rotation": {"angle": 0, "axis": "y", "origin": [8, 16.25, 7.25]},
			"faces": {
				"north": {"uv": [0, 0, 9, 2], "texture": "#3"},
				"west": {"uv": [0, 0, 0, 2], "texture": "#3"},
				"up": {"uv": [0, 0, 9, 0], "texture": "#3"}
			}
		},
		{
			"from": [-3, 5, 2],
			"to": [19, 6, 13],
			"rotation": {"angle": 0, "axis": "y", "origin": [8, 16.25, 7.25]},
			"faces": {
				"north": {"uv": [0, 0, 16, 1], "texture": "#4"},
				"east": {"uv": [0, 0, 11, 1], "texture": "#4"},
				"south": {"uv": [0, 0, 16, 1], "texture": "#4"},
				"west": {"uv": [0, 0, 11, 1], "texture": "#4"},
				"up": {"uv": [0, 0, 16, 11], "texture": "#4"},
				"down": {"uv": [0, 0, 16, 11], "texture": "#4"}
			}
		},
		{
			"from": [-3, 28, 2],
			"to": [19, 29, 13],
			"rotation": {"angle": 0, "axis": "y", "origin": [8, 16.25, 7.25]},
			"faces": {
				"north": {"uv": [0, 0, 16, 1], "texture": "#4"},
				"east": {"uv": [0, 0, 11, 1], "texture": "#4"},
				"south": {"uv": [0, 0, 16, 1], "texture": "#4"},
				"west": {"uv": [0, 0, 11, 1], "texture": "#4"},
				"up": {"uv": [0, 0, 16, 11], "texture": "#4"},
				"down": {"uv": [0, 0, 16, 11], "texture": "#4"}
			}
		},
		{
			"from": [-3, 29, 2],
			"to": [19, 31, 13],
			"rotation": {"angle": 0, "axis": "y", "origin": [8, 16.25, 7.25]},
			"faces": {
				"east": {"uv": [0, 0, 11, 2], "texture": "#9"},
				"south": {"uv": [0, 0, 16, 2], "texture": "#9"},
				"west": {"uv": [0, 0, 11, 2], "texture": "#9"},
				"up": {"uv": [0, 0, 16, 11], "texture": "#9"}
			}
		},
		{
			"from": [-3, 27, 1],
			"to": [19, 31, 2],
			"rotation": {"angle": 0, "axis": "y", "origin": [8, 16.25, 7.25]},
			"faces": {
				"north": {"uv": [0, 5, 15, 8.5], "texture": "#12"},
				"east": {"uv": [0, 0, 1, 4], "texture": "#9"},
				"south": {"uv": [0, 0, 16, 4], "texture": "#9"},
				"west": {"uv": [0, 0, 1, 4], "texture": "#9"},
				"up": {"uv": [0, 0, 16, 1], "texture": "#9"},
				"down": {"uv": [0, 0, 16, 1], "texture": "#9"}
			}
		},
		{
			"from": [8, 12, 4],
			"to": [19, 16, 6],
			"rotation": {"angle": 0, "axis": "y", "origin": [8, 16.25, 7.25]},
			"faces": {
				"up": {"uv": [0, 0, 11, 2], "texture": "#3"}
			}
		},
		{
			"from": [8, 16, 6],
			"to": [19, 23, 6],
			"rotation": {"angle": 0, "axis": "y", "origin": [8, 16.25, 7.25]},
			"faces": {
				"north": {"uv": [0, 0, 11, 7], "texture": "#3"}
			}
		},
		{
			"from": [-1, 20.48974, -0.21477],
			"to": [2, 22.48974, 3.68523],
			"rotation": {"angle": 22.5, "axis": "x", "origin": [8, 16.25, 7.25]},
			"faces": {
				"south": {"uv": [0, 0, 3, 2], "texture": "#4"},
				"up": {"uv": [0, 0, 3, 3.9], "rotation": 180, "texture": "#3"},
				"down": {"uv": [0, 0, 3, 3.9], "rotation": 180, "texture": "#3"}
			}
		},
		{
			"from": [8, 23, 2],
			"to": [19, 28, 13],
			"rotation": {"angle": 0, "axis": "y", "origin": [8, 16.25, 7.25]},
			"faces": {
				"north": {"uv": [0, 0, 11, 5], "texture": "#7"},
				"south": {"uv": [0, 0, 11, 5], "texture": "#4"},
				"down": {"uv": [0, 0, 11, 11], "texture": "#3"}
			}
		},
		{
			"from": [-3, 6, 13],
			"to": [19, 23, 13],
			"rotation": {"angle": 0, "axis": "y", "origin": [8, 16.25, 7.25]},
			"faces": {
				"south": {"uv": [0, 0, 16, 16], "texture": "#4"}
			}
		},
		{
			"from": [17, 16, 2],
			"to": [19, 23, 6],
			"rotation": {"angle": 0, "axis": "y", "origin": [8, 16.25, 7.25]},
			"faces": {
				"north": {"uv": [0, 0, 2, 7], "texture": "#7"},
				"west": {"uv": [0, 0, 4, 7], "texture": "#3"},
				"up": {"uv": [0, 0, 2, 4], "texture": "#3"}
			}
		},
		{
			"from": [2, 19, 2],
			"to": [8, 23, 5],
			"rotation": {"angle": 0, "axis": "y", "origin": [8, 16.25, 7.25]},
			"faces": {
				"north": {"uv": [1, 0, 7.5, 5], "texture": "#13"},
				"west": {"uv": [0, 0, 0, 0], "texture": "#3"}
			}
		},
		{
			"from": [-3, 6, 2],
			"to": [8, 19, 3],
			"rotation": {"angle": 0, "axis": "y", "origin": [8, 16.25, 7.25]},
			"faces": {
				"north": {"uv": [1, 7, 11, 16], "texture": "#13"},
				"up": {"uv": [0, 0, 5, 0], "texture": "#3"}
			}
		},
		{
			"from": [-3, 19, 2],
			"to": [-1, 23, 6],
			"rotation": {"angle": 0, "axis": "y", "origin": [8, 16.25, 7.25]},
			"faces": {
				"north": {"uv": [0, 0, 2, 4], "texture": "#4"},
				"east": {"uv": [0, 0, 4, 4], "texture": "#3"}
			}
		},
		{
			"from": [-3, 23, 2],
			"to": [8, 28, 13],
			"rotation": {"angle": 0, "axis": "y", "origin": [8, 16.25, 7.25]},
			"faces": {
				"north": {"uv": [0, 0, 11, 5], "texture": "#4"},
				"south": {"uv": [0, 0, 11, 5], "texture": "#4"}
			}
		},
		{
			"from": [8, 16, 2],
			"to": [11, 23, 6],
			"rotation": {"angle": 0, "axis": "y", "origin": [8, 16.25, 7.25]},
			"faces": {
				"north": {"uv": [0, 0, 3, 7], "texture": "#7"},
				"east": {"uv": [0, 0, 4, 7], "texture": "#3"}
			}
		},
		{
			"from": [10, 12, 2],
			"to": [18, 16, 4],
			"rotation": {"angle": 0, "axis": "y", "origin": [8, 16.25, 7.25]},
			"faces": {
				"north": {"uv": [0, 0, 8, 4], "texture": "#7"},
				"up": {"uv": [0, 0, 8, 2], "texture": "#3"},
				"down": {"uv": [0, 0, 8, 2], "texture": "#3"}
			}
		},
		{
			"from": [10, 14.42798, 3.7048],
			"to": [18, 21.42798, 4.7048],
			"rotation": {"angle": 22.5, "axis": "x", "origin": [8, 16.25, 7.25]},
			"faces": {
				"north": {"uv": [1, 1, 12, 11], "texture": "#6"}
			}
		},
		{
			"from": [-1, 16.47231, 1.90033],
			"to": [2, 20.47231, 2.90033],
			"rotation": {"angle": 22.5, "axis": "x", "origin": [8, 16.25, 7.25]},
			"faces": {
				"north": {"uv": [5, 2.5, 10.5, 10], "texture": "#11"}
			}
		},
		{
			"from": [8, 6, 2],
			"to": [10, 16, 4],
			"rotation": {"angle": 0, "axis": "y", "origin": [8, 16.25, 7.25]},
			"faces": {
				"north": {"uv": [0, 0, 2, 10], "texture": "#7"},
				"east": {"uv": [0, 0, 2, 10], "texture": "#3"}
			}
		},
		{
			"from": [10, 6, 2],
			"to": [18, 10, 4],
			"rotation": {"angle": 0, "axis": "y", "origin": [8, 16.25, 7.25]},
			"faces": {
				"north": {"uv": [0, 0, 8, 4], "texture": "#7"},
				"up": {"uv": [0, 0, 8, 2], "texture": "#3"}
			}
		},
		{
			"from": [18, 6, 2],
			"to": [19, 16, 4],
			"rotation": {"angle": 0, "axis": "y", "origin": [8, 16.25, 7.25]},
			"faces": {
				"north": {"uv": [0, 0, 1, 10], "texture": "#7"},
				"west": {"uv": [0, 0, 2, 10], "texture": "#3"}
			}
		},
		{
			"from": [10, 10, 2],
			"to": [18, 12, 3],
			"rotation": {"angle": 0, "axis": "y", "origin": [8, 16.25, 7.25]},
			"faces": {
				"north": {"uv": [7, 4, 15, 6], "texture": "#1"}
			}
		}
	],
	"groups": [
		{
			"name": "group",
			"origin": [0, 0, 0],
			"color": 0,
			"children": [0, 1, 1, 2, 3, 4, 5, 6, 7, 8, 9, 10, 11, 12, 13, 14, 15, 16, 17, 18, 19, 20, 21, 22, 23, 24, 25]
		}
	]
}